record_id,source_datasets,protein_id,uniprot_id,pdb_id,organism,ec_number,protein_name,mutation,position,wt_aa,mut_aa,temperature_c,pH,method,measurement_type,measured_value,has_temp,has_pH,has_both,condition_quality,source_id,cluster_id,split_homology,ext_ph_measurement_id,ext_source_measurement_id,ext_benchmark_tier,ext_ph_role,ext_scored_condition_axis,ext_scored_sequence_model,ext_measurement_type_native,ext_pH_low,ext_pH_high,ext_pH_is_range,ext_ph_range_group,ext_relative_activity_pct,ext_relative_activity_pct_high,ext_relative_activity_qualifier,ext_direction,ext_exposure_time_min,ext_buffer_name,ext_substrate,ext_enzyme_class,ext_polymer_target,ext_attribution_certainty,ext_internal_conflict,ext_enzyme_name_source,ext_pmcid,ext_doi,ext_year,ext_evidence_quote,ext_audit_rules
PHB0001,pet_ph_benchmark_v1,,,,Pseudomonas chlororaphis PA23,3.1.1.-,PhaZ,,,,,,8.0,not specified in sentence,pH activity range,8.0,0,1,0,Medium,36901931,,test_external,PH5445F6C0,BM94ACC9E0C2,C_conditions_only_no_sequence,outcome,no,no,pH activity range,8.0,10.0,yes,R-10003648-a,,,,stabilising,,,,PHA depolymerase,PHA,single_enzyme,no,as_reported,PMC10003648,10.3390/ijms24054501,2023,"LIP3 and PhaZ retained more than 50% of their activity over a pH range from 7.0 to 9.0, with PhaZ showing higher relative activity at pH 8.0–10.0.",PH-C2;PH-C6;PH-C7
PHB0002,pet_ph_benchmark_v1,,,,Pseudomonas chlororaphis PA23,3.1.1.-,PhaZ,,,,,45.0,8.0,not specified in sentence,pH optimum,8.0,1,1,1,High,36901931,,test_external,PH0D76831B,BM9A302CF0A9,C_conditions_only_no_sequence,outcome,yes,no,pH optimum,8.0,8.0,no,,,,,optimum,,,,PHA depolymerase,PHA,multiple_enzymes_same_value,no,as_reported,PMC10003648,10.3390/ijms24054501,2023,The LIP3 and PhaZ enzymes were active in a pH range of 4.0 to 10.0 with optimal activity at pH 8 and 45–50 °C.,PH-C4;PH-C7
PHB0003,pet_ph_benchmark_v1,,,,Pseudomonas chlororaphis PA23,3.1.1.-,PhaZ,,,,,45.0,8.0,not specified in sentence,temperature optimum,45.0,1,1,1,High,36901931,,test_external,PH6A91336A,BM6E32E848BD,C_conditions_only_no_sequence,covariate,no,no,temperature optimum,8.0,8.0,no,,,,,,,,,PHA depolymerase,PHA,multiple_enzymes_same_value,no,as_reported,PMC10003648,10.3390/ijms24054501,2023,The LIP3 and PhaZ enzymes were active in a pH range of 4.0 to 10.0 with optimal activity at pH 8 and 45–50 °C.,PH-C4
PHB0004,pet_ph_benchmark_v1,,,,,,KoFAE,,,,,,10.0,not specified in sentence,pH stability,10.0,0,1,0,Low,37110412,,test_external,PHD7F86A99,BM7E8AC1F540,C_conditions_only_no_sequence,outcome,yes,no,pH stability,10.0,10.0,no,,50.0,,lte,destabilising,,,,feruloyl esterase,,single_enzyme,no,corrected_from_evidence,PMC10146132,10.3390/microorganisms11040989,2023,"When pH 10.0, less than 50% of the enzyme activity was retained.",PH-C3;PH-C5;PH-C7
PHB0005,pet_ph_benchmark_v1,,,,,,KoFAE,,,,,,8.0,not specified in sentence,pH stability,8.0,0,1,0,Low,37110412,,test_external,PH059F3807,BMFA666F5868,C_conditions_only_no_sequence,outcome,yes,no,pH stability,8.0,8.0,no,,80.0,,approx,stabilising,,,,feruloyl esterase,,single_enzyme,no,corrected_from_evidence,PMC10146132,10.3390/microorganisms11040989,2023,"A pH of 6.0~10.0 had good stability, the retained enzyme activity was more than 60%, and pH 8.0, the best stability of enzyme activity, could retain about 80% of enzyme activity.",PH-C3;PH-C5;PH-C7
PHB0006,pet_ph_benchmark_v1,,,,,,KoFAE,,,,,,9.0,not specified in sentence,pH stability,9.0,0,1,0,Low,37110412,,test_external,PHE75DB97B,BM355F56FDED,C_conditions_only_no_sequence,outcome,yes,no,pH stability,9.0,9.0,no,,90.0,,approx,stabilising,,,,feruloyl esterase,,single_enzyme,no,corrected_from_evidence,PMC10146132,10.3390/microorganisms11040989,2023,"When pH > 8.0, the enzyme activity began to decrease, but about 90% of the enzyme activity was retained when pH = 9.0.",PH-C3;PH-C5;PH-C7
PHB0007,pet_ph_benchmark_v1,,,,,,KoFAE,,,,,,3.0,not specified in sentence,pH stability,3.0,0,1,0,Low,37110412,,test_external,PHA0225A07,BMB113AB078A,C_conditions_only_no_sequence,outcome,no,no,pH stability range,3.0,5.0,yes,R-10146132-b,50.0,,lte,destabilising,5760.0,,,feruloyl esterase,,single_enzyme,no,corrected_from_evidence,PMC10146132,10.3390/microorganisms11040989,2023,"As for the pH stability of KoFAE, it can be seen in Figure 4D that the enzyme activity was less stable when pH was 3.0 to 5.0, the enzyme activity was lost when pH was 3.0, and the stability was less than 50% when pH was 4.0 to 5.0.",PH-C2;PH-C3;PH-C5;PH-C6;PH-C7
PHB0008,pet_ph_benchmark_v1,,,,,,KoFAE,,,,,,6.0,not specified in sentence,pH stability,6.0,0,1,0,Low,37110412,,test_external,PH4AD21534,BM22F8594502,C_conditions_only_no_sequence,outcome,no,no,pH stability range,6.0,10.0,yes,R-10146132-a,60.0,,gte,stabilising,,,,feruloyl esterase,,single_enzyme,yes,corrected_from_evidence,PMC10146132,10.3390/microorganisms11040989,2023,"A pH of 6.0~10.0 had good stability, the retained enzyme activity was more than 60%, and pH 8.0, the best stability of enzyme activity, could retain about 80% of enzyme activity.",PH-C2;PH-C3;PH-C5;PH-C6;PH-C7
PHB0009,pet_ph_benchmark_v1,,,,,,EstD04,,,,,,8.0,not specified in sentence,pH optimum,8.0,0,1,0,Low,37513282,,test_external,PH0FDEF2D2,BMBE4B247046,C_conditions_only_no_sequence,outcome,yes,no,pH optimum,8.0,8.0,no,,,,,optimum,,,tributyrin,esterase (HSL family IV),,single_enzyme,no,corrected_from_evidence,PMC10385968,10.3390/molecules28145410,2023,The optimal pH for EstD04 activity was pH 8.,PH-C5;PH-C7
PHB0010,pet_ph_benchmark_v1,,,,,,EstD04,,,,,,11.0,not specified in sentence,pH stability,11.0,0,1,0,Low,37513282,,test_external,PHC1150AB8,BMF8D20A14F6,C_conditions_only_no_sequence,outcome,no,no,pH stability range,8.0,11.0,yes,R-10385968-a,80.0,,gte,stabilising,,,tributyrin,esterase (HSL family IV),,single_enzyme,no,corrected_from_evidence,PMC10385968,10.3390/molecules28145410,2023,"EstD04 exhibited favorable pH stability between pH 8 to pH 11, in which the enzyme retained at least 80% activity.",PH-C2;PH-C3;PH-C5;PH-C6;PH-C7
PHB0011,pet_ph_benchmark_v1,,,,,,EstD04,,,,,,8.0,not specified in sentence,pH stability,8.0,0,1,0,Low,37513282,,test_external,PH8674D60E,BMA7FF240F0C,C_conditions_only_no_sequence,outcome,no,no,pH stability range,8.0,11.0,yes,R-10385968-a,80.0,,gte,stabilising,,,tributyrin,esterase (HSL family IV),,single_enzyme,no,corrected_from_evidence,PMC10385968,10.3390/molecules28145410,2023,"EstD04 exhibited favorable pH stability between pH 8 to pH 11, in which the enzyme retained at least 80% activity.",PH-C2;PH-C3;PH-C5;PH-C6;PH-C7
PHB0012,pet_ph_benchmark_v1,,,,,,EstD04,,,,,40.0,8.0,not specified in sentence,temperature optimum,40.0,1,1,1,Low,37513282,,test_external,PH1B77DDBA,BM961F2AE8B7,C_conditions_only_no_sequence,covariate,no,no,temperature optimum,8.0,8.0,no,,,,,,,,tributyrin,esterase (HSL family IV),,single_enzyme,no,corrected_from_evidence,PMC10385968,10.3390/molecules28145410,2023,"By using the optimal conditions for its function, we analyzed the kinetics of EstD04 for the hydrolysis of C4 substrates at 40 °C and pH 8.",PH-C5
PHB0013,pet_ph_benchmark_v1,,,,,,EaEst2,,,,,,8.0,not specified in sentence,pH property,8.0,0,1,0,Low,37569396,,test_external,PH0B7D3BF5,BM8D124B9FCE,C_conditions_only_no_sequence,outcome,yes,no,pH activity,8.0,8.0,no,,40.0,,approx,,,,,carboxylesterase,BHET (PET monomer),single_enzyme,no,corrected_from_evidence,PMC10418727,10.3390/ijms241512022,2023,"EaEst2 showed its maximal activity at pH 7.0, whereas only ~40% of its maximal activity was retained at pH 8.0 (Figure 2C).",PH-C2;PH-C3;PH-C5
PHB0014,pet_ph_benchmark_v1,,,,,,EaEst2,,,,,,7.0,not specified in sentence,pH optimum,7.0,0,1,0,Low,37569396,,test_external,PHB56427DE,BME3583FB244,C_conditions_only_no_sequence,outcome,yes,no,pH optimum,7.0,7.0,no,,,,,optimum,,,,carboxylesterase,BHET (PET monomer),single_enzyme,no,corrected_from_evidence,PMC10418727,10.3390/ijms241512022,2023,"EaEst2 showed its maximal activity at pH 7.0, whereas only ~40% of its maximal activity was retained at pH 8.0 (Figure 2C).",PH-C2;PH-C5;PH-C7
PHB0015,pet_ph_benchmark_v1,P38c8a8bef0c1,RLI42440.1,,Candidatus Bathyarchaeota archaeon,,PET46,,,,,,5.0,not specified in sentence,pH stability,5.0,0,1,0,Medium,37697032,,test_external,PH521355EF,BMB8B8558C40,A_fully_independent,outcome,yes,yes,pH stability,5.0,5.0,no,,50.0,,approx,stabilising,,,,feruloyl esterase,PET,single_enzyme,no,corrected_from_evidence,PMC10495362,10.1038/s42004-023-00998-z,2023,"However, it also retained high activities (50%) at pH 5 (Fig.",PH-C3;PH-C5;PH-C7
PHB0016,pet_ph_benchmark_v1,,,,,,,,,,,50.0,7.0,not specified in sentence,pH optimum,7.0,1,1,1,Medium,37895132,,test_external,PH98AC194B,BM4006C9D9B6,C_conditions_only_no_sequence,outcome,yes,no,pH optimum,7.0,7.0,no,,,,,optimum,,,,PVC depolymerase,PVC,multiple_enzymes_same_value,no,not_named_in_evidence,PMC10607177,10.3390/ijms242015452,2023,"Furthermore, depolymerase enzymes produced by two of our A. fumigatus isolates exhibited optimal activity at pH 7 and a temperature of 50 °C, while the depolymerase of the third Aspergillus strain demonstrated peak efficiency at pH 5 and a temperature of 40 °C.",PH-C4;PH-C7
PHB0017,pet_ph_benchmark_v1,,,,,,,,,,,50.0,7.0,not specified in sentence,temperature optimum,50.0,1,1,1,Medium,37895132,,test_external,PHDFFABE30,BM10FE78B273,C_conditions_only_no_sequence,covariate,no,no,temperature optimum,7.0,7.0,no,,,,,,,,,PVC depolymerase,PVC,multiple_enzymes_same_value,no,not_named_in_evidence,PMC10607177,10.3390/ijms242015452,2023,"Furthermore, depolymerase enzymes produced by two of our A. fumigatus isolates exhibited optimal activity at pH 7 and a temperature of 50 °C, while the depolymerase of the third Aspergillus strain demonstrated peak efficiency at pH 5 and a temperature of 40 °C.",PH-C4
PHB0018,pet_ph_benchmark_v1,,,,Streptomyces exfoliatus DSMZ 41693,,SeLipC,,,,,,8.5,spectrophotometric p-nitrophenol release,pH optimum,8.5,0,1,0,Medium,38069394,,test_external,PH0C3B60D0,BM4464247939,C_conditions_only_no_sequence,outcome,yes,no,pH optimum,8.5,8.5,no,,,,,optimum,,,olive oil,lipase,,single_enzyme,no,corrected_from_evidence,PMC10707221,10.3390/ijms242317071,2023,"The lipase was found to be most active at pH 8.5; its activity was greatly reduced when pH was lower than 6.5, and it exhibited very low (<5%) of the optimal activity at pH 10.0 (Figure 4A).",PH-C5;PH-C7
PHB0019,pet_ph_benchmark_v1,,,,Streptomyces exfoliatus DSMZ 41693,,SeLipC,,,,,,10.0,spectrophotometric p-nitrophenol release,pH stability,10.0,0,1,0,Medium,38069394,,test_external,PH9293B5FD,BM4E1ACC14B4,C_conditions_only_no_sequence,outcome,yes,no,pH stability,10.0,10.0,no,,,,,destabilising,,,olive oil,lipase,,single_enzyme,no,corrected_from_evidence,PMC10707221,10.3390/ijms242317071,2023,"Results show that the activity of SeLipC was abruptly decreased after incubation at pH 10.0, whereas it was stable when incubated at pH values ranging from 5.0 to 9.5 (Figure 4A).",PH-C5;PH-C7
PHB0020,pet_ph_benchmark_v1,,,,,,ANCUT1,,,,,,10.0,not specified in sentence,pH stability,10.0,0,1,0,Low,38416309,,test_external,PH925B502B,BMF2FE995DB3,C_conditions_only_no_sequence,outcome,yes,no,pH stability,10.0,10.0,no,,85.0,,gte,stabilising,180.0,,,cutinase,cutin / polyester,single_enzyme,no,corrected_from_evidence,PMC11055803,10.1007/s10529-024-03467-2,2024,"The pure enzyme retains its activity after 3 h at pH 10 above 85%, but its activity decreases to below 50%.",PH-C3;PH-C5;PH-C7
PHB0021,pet_ph_benchmark_v1,,,,,,PD3,,,,,,7.5,not specified in sentence,pH optimum,7.5,0,1,0,Low,39072070,,test_external,PH89FED53D,BM85EC0EEFF2,C_conditions_only_no_sequence,outcome,yes,no,pH optimum,7.5,7.5,no,,,,,optimum,,,,esterase,PET (3PET model substrate),single_enzyme_named,no,corrected_from_evidence,PMC11270687,10.1021/acsomega.4c04843,2024,The optimal activity was at pH 7.5 (Figure S3C).,PH-C5;PH-C7
PHB0022,pet_ph_benchmark_v1,,,,Schlegelella brevitalea,,SbPETase,,,,,30.0,7.0,HPLC/UPLC product release,pH optimum,7.0,1,1,1,Medium-High,39628843,,test_external,PH82578FA9,BM845CAE36B3,C_conditions_only_no_sequence,outcome,yes,no,pH optimum,7.0,7.0,no,,,,,optimum,,,BHET,PETase,PET,single_enzyme,no,corrected_from_evidence,PMC11611003,10.1016/j.engmic.2022.100020,2022,"The optimum conditions showed that at 30°C, pH 7.0 (BHET as substrate) or pH 8.0 (PET film as substrate), SbPETase showed the highest activity (Fig.",PH-C5;PH-C7
PHB0023,pet_ph_benchmark_v1,,,,Schlegelella brevitalea,,SbPETase,,,,,30.0,7.0,HPLC/UPLC product release,temperature optimum,30.0,1,1,1,Medium-High,39628843,,test_external,PH95902E59,BMFAB6DCB606,C_conditions_only_no_sequence,covariate,no,no,temperature optimum,7.0,7.0,no,,,,,,,,BHET,PETase,PET,single_enzyme,no,corrected_from_evidence,PMC11611003,10.1016/j.engmic.2022.100020,2022,"The optimum conditions showed that at 30°C, pH 7.0 (BHET as substrate) or pH 8.0 (PET film as substrate), SbPETase showed the highest activity (Fig.",PH-C5
PHB0024,pet_ph_benchmark_v1,Pf9cc9f72d7db,AOT80658.1,,Bacillus licheniformis,,MLipA,,,,,,6.0,not specified in sentence,pH property,6.0,0,1,0,Low,39689112,,test_external,PHE2B04131,BMFBD1521130,A_fully_independent,outcome,yes,yes,pH activity,6.0,6.0,no,,93.0,,exact,,,,,lipase,,single_enzyme,no,corrected_from_evidence,PMC11651597,10.1371/journal.pone.0314556,2024,"It maintained high activity levels, retaining 93% of its activity at pH 6 and 82% at pH 8.",PH-C2;PH-C3;PH-C5
PHB0025,pet_ph_benchmark_v1,Pf9cc9f72d7db,AOT80658.1,,Bacillus licheniformis,,MLipA,,,,,,8.0,not specified in sentence,pH property,8.0,0,1,0,Low,39689112,,test_external,PH64DA7CCA,BM499AE86AAE,A_fully_independent,outcome,yes,yes,pH activity,8.0,8.0,no,,82.0,,exact,,,,,lipase,,single_enzyme,no,corrected_from_evidence,PMC11651597,10.1371/journal.pone.0314556,2024,"It maintained high activity levels, retaining 93% of its activity at pH 6 and 82% at pH 8.",PH-C2;PH-C3;PH-C5
PHB0026,pet_ph_benchmark_v1,Pf9cc9f72d7db,AOT80658.1,,Bacillus licheniformis,,MLipA,,,,,,7.0,not specified in sentence,pH optimum,7.0,0,1,0,Low,39689112,,test_external,PHE6C3A980,BMDFDCB2C50A,A_fully_independent,outcome,yes,yes,pH optimum,5.0,9.0,no,,,,,optimum,,,,lipase,,single_enzyme,no,corrected_from_evidence,PMC11651597,10.1371/journal.pone.0314556,2024,"The recombinant lipase exhibited activity across a wide pH spectrum, ranging from pH 5 to pH 9, with optimal activity observed at pH 7 (Fig 5A).",PH-C1;PH-C5;PH-C6;PH-C7
PHB0027,pet_ph_benchmark_v1,Pf9cc9f72d7db,AOT80658.1,,Bacillus licheniformis,,MLipA,,,,,,10.0,not specified in sentence,pH stability,10.0,0,1,0,Low,39689112,,test_external,PH475C5CBB,BMC31B27FC98,A_fully_independent,outcome,yes,yes,pH stability,10.0,10.0,no,,51.0,,exact,destabilising,60.0,,,lipase,,single_enzyme,no,corrected_from_evidence,PMC11651597,10.1371/journal.pone.0314556,2024,"However, exposure to pH 10 resulted in a marked decrease in activity, with only 51% residual activity observed after one h, and further decline to 22% at pH 11.",PH-C3;PH-C5;PH-C7
PHB0028,pet_ph_benchmark_v1,Pf9cc9f72d7db,AOT80658.1,,Bacillus licheniformis,,MLipA,,,,,,11.0,not specified in sentence,pH stability,11.0,0,1,0,Low,39689112,,test_external,PH1146E3E1,BM73CD9BDECC,A_fully_independent,outcome,yes,yes,pH stability,11.0,11.0,no,,22.0,,exact,destabilising,60.0,,,lipase,,single_enzyme,no,corrected_from_evidence,PMC11651597,10.1371/journal.pone.0314556,2024,"However, exposure to pH 10 resulted in a marked decrease in activity, with only 51% residual activity observed after one h, and further decline to 22% at pH 11.",PH-C3;PH-C5;PH-C7
PHB0029,pet_ph_benchmark_v1,Pf9cc9f72d7db,AOT80658.1,,Bacillus licheniformis,,MLipA,,,,,35.0,6.0,not specified in sentence,pH stability,6.0,1,1,1,Low,39689112,,test_external,PH90CB7B49,BMF54859EFAF,A_fully_independent,outcome,no,no,pH stability range,6.0,9.0,yes,R-11651597-a,89.0,97.0,range,stabilising,60.0,,,lipase,,single_enzyme,no,corrected_from_evidence,PMC11651597,10.1371/journal.pone.0314556,2024,"Fig 5A illustrates that it remained stable between pH 6 and pH 9, retaining between 89% and 97% of its residual activity after 1 h of incubation at 35°C.",PH-C2;PH-C3;PH-C5;PH-C6;PH-C7
PHB0030,pet_ph_benchmark_v1,Pf9cc9f72d7db,AOT80658.1,,Bacillus licheniformis,,MLipA,,,,,35.0,9.0,not specified in sentence,pH stability,9.0,1,1,1,Low,39689112,,test_external,PH346279C2,BM0D67FCB6F6,A_fully_independent,outcome,no,no,pH stability range,6.0,9.0,yes,R-11651597-a,89.0,97.0,range,stabilising,60.0,,,lipase,,single_enzyme,no,corrected_from_evidence,PMC11651597,10.1371/journal.pone.0314556,2024,"Fig 5A illustrates that it remained stable between pH 6 and pH 9, retaining between 89% and 97% of its residual activity after 1 h of incubation at 35°C.",PH-C2;PH-C3;PH-C5;PH-C6;PH-C7
PHB0031,pet_ph_benchmark_v1,,,,,,,,,,,60.0,8.0,not specified in sentence,pH optimum,8.0,1,1,1,Low,39898275,,test_external,PH5CC632AC,BM7F64B2576A,C_conditions_only_no_sequence,outcome,yes,no,pH optimum,8.0,8.0,no,,,,,optimum,,,PLA,polyester hydrolase,aliphatic + aromatic polyester,single_enzyme,no,not_named_in_evidence,PMC11782994,10.3389/fbioe.2024.1520680,2024,"The most suitable environment proved to be KPO, for which the highest activity of 152.5 U/mg was found on 100 mM KPO pH 8 and 60°C (Supplementary Figure S3, ESI).",PH-C7
PHB0032,pet_ph_benchmark_v1,,,,,,,,,,,60.0,8.0,not specified in sentence,temperature optimum,60.0,1,1,1,Low,39898275,,test_external,PH22C91241,BM0DD7EB00EA,C_conditions_only_no_sequence,covariate,no,no,temperature optimum,8.0,8.0,no,,,,,,,,PLA,polyester hydrolase,aliphatic + aromatic polyester,single_enzyme,no,not_named_in_evidence,PMC11782994,10.3389/fbioe.2024.1520680,2024,"The most suitable environment proved to be KPO, for which the highest activity of 152.5 U/mg was found on 100 mM KPO pH 8 and 60°C (Supplementary Figure S3, ESI).",
PHB0033,pet_ph_benchmark_v1,,,,,,Savinase,,,,,42.0,8.5,not specified in sentence,pH optimum,8.5,1,1,1,Low,40575345,,test_external,PH99F6AC1B,BM37E9907878,C_conditions_only_no_sequence,outcome,yes,no,pH optimum,8.5,8.5,no,,,,,optimum,,,PLA,protease (subtilisin),PLA,single_enzyme,no,corrected_from_evidence,PMC12188634,10.1021/acssuschemeng.5c03378,2025,"The optimum conditions for the PLA-degrading activity of Savinase were determined to be pH 8.5 and 42 °C (Figure B,C).",PH-C5;PH-C7
PHB0034,pet_ph_benchmark_v1,,,,,,Savinase,,,,,42.0,8.5,not specified in sentence,temperature optimum,42.0,1,1,1,Low,40575345,,test_external,PH79CAC050,BM9F5746819C,C_conditions_only_no_sequence,covariate,no,no,temperature optimum,8.5,8.5,no,,,,,,,,PLA,protease (subtilisin),PLA,single_enzyme,no,corrected_from_evidence,PMC12188634,10.1021/acssuschemeng.5c03378,2025,"The optimum conditions for the PLA-degrading activity of Savinase were determined to be pH 8.5 and 42 °C (Figure B,C).",PH-C5
PHB0035,pet_ph_benchmark_v1,,,,,,DehpH,,,,,,8.0,not specified in sentence,pH optimum,8.0,0,1,0,Low,40943065,,test_external,PH1B5249F1,BME71810CC95,C_conditions_only_no_sequence,outcome,yes,no,pH optimum,6.0,9.0,no,,,,,optimum,,,,phthalate hydrolase,DEHP (plasticiser),single_enzyme,no,corrected_from_evidence,PMC12428281,10.3390/ijms26178141,2025,"The results indicated that the optimal pH was 8.0, and DehpH showed relatively high activity ranging from pH 6.0 to pH 9.0.",PH-C5;PH-C6;PH-C7
PHB0036,pet_ph_benchmark_v1,,,,,,DehpH,,,,,4.0,3.0,not specified in sentence,pH stability,3.0,1,1,1,Low,40943065,,test_external,PH71147BE7,BME7E3DA9213,C_conditions_only_no_sequence,outcome,no,no,pH stability range,3.0,6.0,yes,R-12428281-a,,,,destabilising,60.0,,,phthalate hydrolase,DEHP (plasticiser),single_enzyme,no,corrected_from_evidence,PMC12428281,10.3390/ijms26178141,2025,"After incubation at 4 °C under different pH for 1 h, the activity of DehpH decreased significantly under acid conditions (pH 3.0 to 6.0), and DehpH almost lost all of its activity under pH 3.0, while DehpH retained more than 70.0% residual activity under pH 7.0 to 9.0 (Figure 4B).",PH-C2;PH-C5;PH-C6;PH-C7
PHB0037,pet_ph_benchmark_v1,,,,,,PanLipdN,,,,,,9.0,not specified in sentence,pH property,9.0,0,1,0,Low,41440913,,test_external,PH38B0C3A4,BM51F74D231E,C_conditions_only_no_sequence,outcome,yes,no,pH activity,9.0,9.0,no,,15.0,,lte,,,,,lipase,,single_enzyme,no,corrected_from_evidence,PMC12734981,10.3390/md23120480,2025,"A rapid decline in activity was detected beyond pH 8.0, with less than 15% residual activity at pH 9.0.",PH-C2;PH-C3;PH-C5
PHB0038,pet_ph_benchmark_v1,,,,,,PanLipdN,,,,,,8.0,not specified in sentence,pH optimum,8.0,0,1,0,Low,41440913,,test_external,PHE456B184,BMDC3A7C490D,C_conditions_only_no_sequence,outcome,yes,no,pH optimum,8.0,8.0,no,,,,,optimum,,,,lipase,,single_enzyme,no,corrected_from_evidence,PMC12734981,10.3390/md23120480,2025,"The maximum activity was observed at pH 8.0, indicating that PanLipΔN is an alkaline-preferring lipase.",PH-C5;PH-C7
PHB0039,pet_ph_benchmark_v1,,,,,,PCLase0801,,,,,,8.0,not specified in sentence,pH optimum,8.0,0,1,0,Low,41458911,,test_external,PH38A3AFC7,BMD363C6A8E6,C_conditions_only_no_sequence,outcome,yes,no,pH optimum,7.0,9.0,no,,,,,optimum,,,PCL,PCL depolymerase,PCL,single_enzyme,no,corrected_from_evidence,PMC12741466,10.1016/j.isci.2025.114173,2025,"The optimal pH for PCLase0801 activity was determined to be 8.0, with relatively high enzyme activity maintained between pH 7.0 and 9.0 (Figure 3C).",PH-C1;PH-C5;PH-C6;PH-C7
PHB0040,pet_ph_benchmark_v1,,,,,,TflNylA,,,,,,5.5,HPLC/UPLC product release,pH activity range,5.5,0,1,0,Low,41340193,,test_external,PHC9DDE326,BM7E25455D3E,C_conditions_only_no_sequence,outcome,no,no,pH activity range,5.5,8.5,yes,R-12767561-a,,,,,,,pNPH,nylon hydrolase,nylon (polyamide),single_enzyme,no,corrected_from_evidence,PMC12767561,10.1002/cssc.202501964,2025,TflNylA was most active against pNPH (>0.02 μmol·min−1·mg−1) between pH 5.5 and 8.5 and exhibited a bell‐shaped pH‐rate profile (Figure S7).,PH-C2;PH-C5;PH-C6
PHB0041,pet_ph_benchmark_v1,,,,,,rEST-24,,,,,,7.0,spectrophotometric p-nitrophenol release,pH optimum,7.0,0,1,0,Low,41677747,,test_external,PH66E2BB3E,BME50151456E,C_conditions_only_no_sequence,outcome,yes,no,pH optimum,7.0,7.0,no,,,,,optimum,,,,GDSL esterase,,single_enzyme_named,no,corrected_from_evidence,PMC12896513,10.3390/biology15030276,2026,"The rEST-24 esterase exhibited maximum activity at pH 7.0 only, whereas rEST-28 exhibited maximum activity at pH 6.0–7.0 (Figure 2a).",PH-C5;PH-C7
PHB0042,pet_ph_benchmark_v1,,,,,,rEST-24,,,,,,4.0,spectrophotometric p-nitrophenol release,pH stability,4.0,0,1,0,Low,41677747,,test_external,PHF475AD3E,BM5D7F089EA5,C_conditions_only_no_sequence,outcome,yes,no,pH stability,4.0,4.0,no,,30.0,,lte,destabilising,,,,GDSL esterase,,single_enzyme_named,no,corrected_from_evidence,PMC12896513,10.3390/biology15030276,2026,"Moreover, assessment of pH stability during enzyme incubation at pH 4.0, 6.0, 7.0, 8.0 and 10.0 showed that the residual activity of rEST-24 did not exceed 30%, whereas rEST-28 retained over 80% of its esterase activity at pH values of >7.0.",PH-C3;PH-C5;PH-C7
PHB0043,pet_ph_benchmark_v1,,,,,,Ces1-ET,,,,,,7.5,not specified in sentence,pH optimum,7.5,0,1,0,Low,41683795,,test_external,PH3B9E16C3,BM6E5147B1F9,C_conditions_only_no_sequence,outcome,yes,no,pH optimum,7.0,8.5,no,,50.0,,gte,optimum,,,PLA,esterase,,single_enzyme,no,corrected_from_evidence,PMC12898461,10.3390/ijms27031372,2026,"The pH dependency analysis of Ces1-ET exhibited more than 50% relative activity at pH between 7.0 and 8.5, reaching its optimal activity at approximately pH 7.5, Est1-ET revealed that the enzyme displays more than 50% relative activity within the pH range 7.0–9.0, with a maximum activity at pH 9.0.",PH-C1;PH-C3;PH-C5;PH-C6;PH-C7
PHB0044,pet_ph_benchmark_v1,,,,,,Plp1-ET,,,,,,8.0,not specified in sentence,pH optimum,8.0,0,1,0,Low,41683795,,test_external,PH1128E814,BM34567040FA,C_conditions_only_no_sequence,outcome,yes,no,pH optimum,7.5,8.5,no,,,,,optimum,,,,esterase,,single_enzyme,no,corrected_from_evidence,PMC12898461,10.3390/ijms27031372,2026,"In contrast, Plp1-ET showed more than 50% relative activity between pH 7.5 and 8.5, with its highest activity at pH 8.0 (Figure 4B).",PH-C1;PH-C5;PH-C6;PH-C7
PHB0045,pet_ph_benchmark_v1,,,,,,CaFaeA,,,,,,8.0,HPLC/UPLC product release,pH optimum,8.0,0,1,0,Low,41781769,,test_external,PHFE30421E,BM8A4F230105,C_conditions_only_no_sequence,outcome,yes,no,pH optimum,8.0,8.0,no,,,,,optimum,,,,feruloyl esterase,,single_enzyme,no,corrected_from_evidence,PMC12960341,10.1007/s00253-026-13756-7,2026,Further biochemical characterization using MFA as a model substrate revealed that CaFaeA exhibits maximal activity at pH 8.0 (Fig.,PH-C5;PH-C7
PHB0046,pet_ph_benchmark_v1,,,,,,CaFaeA,,,,,,10.0,HPLC/UPLC product release,pH stability,10.0,0,1,0,Low,41781769,,test_external,PHB0122A8D,BMA6514460C1,C_conditions_only_no_sequence,outcome,yes,no,pH stability,10.0,10.0,no,,90.0,,gte,stabilising,30.0,,,feruloyl esterase,,single_enzyme,no,corrected_from_evidence,PMC12960341,10.1007/s00253-026-13756-7,2026,1A) and retains over 90% activity after 30 min incubation at pH 10.0 (Fig.,PH-C3;PH-C5;PH-C7
PHB0047,pet_ph_benchmark_v1,,,,,,LipC,,,,,,3.5,spectrophotometric p-nitrophenol release,pH optimum,3.5,0,1,0,Low,41904273,,test_external,PHAFBBF816,BMBF693ED6C8,C_conditions_only_no_sequence,outcome,yes,no,pH optimum,3.5,3.5,no,,,,,optimum,,,PLA,lipase,,single_enzyme,no,corrected_from_evidence,PMC13035632,10.1007/s00253-026-13788-z,2026,LipC displayed optimal activity at pH 3.5.,PH-C5;PH-C7
PHB0048,pet_ph_benchmark_v1,,,,,,,,,,,40.0,6.8,not specified in sentence,pH optimum,6.8,1,1,1,Low,42034609,,test_external,PHF243F422,BM6CC5D054EB,C_conditions_only_no_sequence,outcome,yes,no,pH optimum,6.8,6.8,no,,,,,optimum,,,,lipase,polyester,multiple_enzymes_same_value,no,not_named_in_evidence,PMC13323979,10.1038/s41467-026-72354-3,2026,The results revealed that PS lipase (PS) and FM-10 lipase (FM-10) exhibited the best catalytic and hydrolytic activity with optimal reaction conditions of T = 40-55 °C and pH = 6.8 (Supplementary Figs.,PH-C7
PHB0049,pet_ph_benchmark_v1,,,,,,,,,,,40.0,6.8,not specified in sentence,temperature optimum,40.0,1,1,1,Low,42034609,,test_external,PH31CD18DF,BME948DB4347,C_conditions_only_no_sequence,covariate,no,no,temperature optimum,6.8,6.8,no,,,,,,,,,lipase,polyester,multiple_enzymes_same_value,no,not_named_in_evidence,PMC13323979,10.1038/s41467-026-72354-3,2026,The results revealed that PS lipase (PS) and FM-10 lipase (FM-10) exhibited the best catalytic and hydrolytic activity with optimal reaction conditions of T = 40-55 °C and pH = 6.8 (Supplementary Figs.,
PHB0050,pet_ph_benchmark_v1,,,,,,PHAZ(Pen),,,,,,5.0,spectrophotometric p-nitrophenol release,pH optimum,5.0,0,1,0,Low,28324398,,test_external,PH4EA29A62,BM168196487C,C_conditions_only_no_sequence,outcome,yes,no,pH optimum,4.0,6.0,no,,,,,optimum,,,PHB,PHB depolymerase,PHB,single_enzyme,no,corrected_from_evidence,PMC4624153,10.1007/s13205-015-0287-4,2015,"The optimum enzyme activity for P. expansum PHB depolymerase was detected between pH 4.0 and 6.0, the highest being at pH 5.0 (Fig.",PH-C1;PH-C5;PH-C6;PH-C7
PHB0051,pet_ph_benchmark_v1,,,,,,PHAZ(Pen),,,,,55.0,4.0,spectrophotometric p-nitrophenol release,pH stability,4.0,1,1,1,Low,28324398,,test_external,PHB773E25F,BM0CC453F3E1,C_conditions_only_no_sequence,outcome,yes,no,pH stability,4.0,4.0,no,,70.0,80.0,range,stabilising,60.0,,,PHB depolymerase,PHB,single_enzyme,no,corrected_from_evidence,PMC4624153,10.1007/s13205-015-0287-4,2015,"The enzyme was stable at pH 4.0, 5.0 and 6.0 and 55 °C for 1 h with a residual activity of almost 70–80 %.Fig.",PH-C3;PH-C5;PH-C7
PHB0052,pet_ph_benchmark_v1,,,,,,PHAZ(Pen),,,,,55.0,4.0,spectrophotometric p-nitrophenol release,thermostability,55.0,1,1,1,Low,28324398,,test_external,PHCE7746B0,BM31C0BAD528,C_conditions_only_no_sequence,covariate,no,no,thermostability,4.0,4.0,no,,,,,,60.0,,,PHB depolymerase,PHB,single_enzyme,no,corrected_from_evidence,PMC4624153,10.1007/s13205-015-0287-4,2015,"The enzyme was stable at pH 4.0, 5.0 and 6.0 and 55 °C for 1 h with a residual activity of almost 70–80 %.Fig.",PH-C5
PHB0053,pet_ph_benchmark_v1,,,,,,Tan410,,,,,,7.0,not specified in sentence,pH optimum,7.0,0,1,0,Low,33666762,,test_external,PH27890676,BM5BBF965026,C_conditions_only_no_sequence,outcome,yes,no,pH optimum,7.0,7.0,no,,,,,optimum,60.0,,,esterase,,single_enzyme,no,corrected_from_evidence,PMC7936011,10.1186/s13568-021-01198-5,2021,"3, esterase Tan410 showed its highest activity at pH 7.0, and more than 95% of initial activity remained after 1 h pre-incubation in pH range of 4.5–10.0 (Fig.",PH-C5;PH-C7
PHB0054,pet_ph_benchmark_v1,,,,,,PET27,,,,,,7.0,not specified in sentence,pH activity range,7.0,0,1,0,Low,35069509,,test_external,PHACE2474C,BM097BED1F73,C_conditions_only_no_sequence,outcome,no,no,pH activity range,7.0,8.0,yes,R-8767016-a,,,,optimum,,potassium phosphate,PET,promiscuous esterase,PET,single_enzyme_named,no,corrected_from_evidence,PMC8767016,10.3389/fmicb.2021.803896,2021,"Concerning the optimal pH, PET27 was most active between pH 7–8 and PET30 between pH 6-8 when tested in 0.1 M potassium phosphate (Figure 3C).",PH-C2;PH-C5;PH-C6;PH-C7
PHB0055,pet_ph_benchmark_v1,,,,,,PCLase I,,,,,,12.0,not specified in sentence,pH stability,12.0,0,1,0,Low,35372294,,test_external,PH141ACA0E,BME8E31FAE60,C_conditions_only_no_sequence,outcome,yes,no,pH stability,12.0,12.0,no,,100.0,,approx,stabilising,,,PCL,PCL depolymerase,PCL,single_enzyme_named,no,corrected_from_evidence,PMC8971842,10.3389/fbioe.2022.835847,2022,"PCLase I and PCLase II were stable at pH conditions ranging from 6.0 to 12.0, and PCLase I showed remarkable stability at pH 12.0 with activity of approximately 100% (Figure 2D).",PH-C3;PH-C5;PH-C7
PHB0056,pet_ph_benchmark_v1,,,,,,BaAXE,,,,,40.0,8.0,spectrophotometric p-nitrophenol release,pH optimum,8.0,1,1,1,Low,35566348,,test_external,PH2861FA3B,BM501B8B50BC,C_conditions_only_no_sequence,outcome,yes,no,pH optimum,8.0,8.0,no,,,,,optimum,,,,acetyl xylan esterase,,single_enzyme,no,corrected_from_evidence,PMC9104356,10.3390/molecules27092999,2022,BaAXE showed optimal activity at pH 8 and 40 °C.,PH-C5;PH-C7
PHB0057,pet_ph_benchmark_v1,,,,,,BaAXE,,,,,,7.0,spectrophotometric p-nitrophenol release,pH stability,7.0,0,1,0,Low,35566348,,test_external,PH6F9B4C0B,BM435E17667D,C_conditions_only_no_sequence,outcome,no,no,pH stability range,7.0,9.0,yes,R-9104356-a,80.0,,gte,stabilising,240.0,,,acetyl xylan esterase,,single_enzyme,no,corrected_from_evidence,PMC9104356,10.3390/molecules27092999,2022,"At pH 7 and 9, BaAXE retained over 80% activity after incubating the enzyme for 4 h (Figure 5).",PH-C2;PH-C3;PH-C5;PH-C6;PH-C7
PHB0058,pet_ph_benchmark_v1,,,,,,BaAXE,,,,,40.0,8.0,spectrophotometric p-nitrophenol release,temperature optimum,40.0,1,1,1,Low,35566348,,test_external,PHE8E83391,BMA3AAF6B915,C_conditions_only_no_sequence,covariate,no,no,temperature optimum,8.0,8.0,no,,,,,,,,,acetyl xylan esterase,,single_enzyme,no,corrected_from_evidence,PMC9104356,10.3390/molecules27092999,2022,BaAXE showed optimal activity at pH 8 and 40 °C.,PH-C5
PHB0059,pet_ph_benchmark_v1,P4f184191e5ea,QIT07223.1,,Lysinibacillus sp.,,EstRag,,,,,,8.0,not specified in sentence,pH optimum,8.0,0,1,0,Medium,36070019,,test_external,PH2BFCDF2E,BM95627C2801,A_fully_independent,outcome,yes,yes,pH optimum,8.0,8.0,no,,,,,optimum,,,,esterase,,single_enzyme,no,corrected_from_evidence,PMC9452428,10.1007/s11274-022-03402-5,2022,The optimum pH for enzyme activity was realized at pH 8.0 (Fig.,PH-C5;PH-C7
PHB0060,pet_ph_benchmark_v1,,,,,,AXE-HAS10,,,,,40.0,8.5,not specified in sentence,pH optimum,8.5,1,1,1,Low,36289146,,test_external,PH4DB8FBB3,BM49FA9E5B1A,C_conditions_only_no_sequence,outcome,yes,no,pH optimum,8.5,8.5,no,,,,,optimum,,,,acetyl xylan esterase,,single_enzyme,no,corrected_from_evidence,PMC9606172,10.1186/s13568-022-01476-w,2022,Recombinant AXE-HAS10’s optimal activity was at pH 8.5 and 40 °C (Fig.,PH-C5;PH-C7
PHB0061,pet_ph_benchmark_v1,,,,,,AXE-HAS10,,,,,,8.0,not specified in sentence,pH stability,8.0,0,1,0,Low,36289146,,test_external,PH5C549BD2,BM5358038896,C_conditions_only_no_sequence,outcome,no,no,pH stability range,8.0,9.0,yes,R-9606172-a,100.0,,exact,stabilising,900.0,,,acetyl xylan esterase,,single_enzyme,no,corrected_from_evidence,PMC9606172,10.1186/s13568-022-01476-w,2022,"However, 100 and 100% of the enzyme activity could be retained after pre-incubation of the enzyme at pH 8.0 and 9.0 for 15 h (Fig.",PH-C2;PH-C3;PH-C5;PH-C6;PH-C7
PHB0062,pet_ph_benchmark_v1,,,,,,AXE-HAS10,,,,,40.0,8.5,not specified in sentence,temperature optimum,40.0,1,1,1,Low,36289146,,test_external,PH4C1FB687,BM97AABCC81D,C_conditions_only_no_sequence,covariate,no,no,temperature optimum,8.5,8.5,no,,,,,,,,,acetyl xylan esterase,,single_enzyme,no,corrected_from_evidence,PMC9606172,10.1186/s13568-022-01476-w,2022,Recombinant AXE-HAS10’s optimal activity was at pH 8.5 and 40 °C (Fig.,PH-C5
PHB0063,pet_ph_benchmark_v1,,,,,,,,,,,,11.0,spectrophotometric p-nitrophenol release,pH stability,11.0,0,1,0,Low,36545586,,test_external,PH8C46C95B,BMAFA2119D8D,C_conditions_only_no_sequence,outcome,yes,no,pH stability,11.0,11.0,no,,55.0,,exact,destabilising,60.0,,,esterase,,single_enzyme,no,not_named_in_evidence,PMC9709933,10.1039/d2ra06138d,2022,The enzyme retained 74% activity at pH 4.0 and 55% activity at pH 11.0 after 1 h of incubation at room temperature.,PH-C3;PH-C7
PHB0064,pet_ph_benchmark_v1,,,,,,,,,,,,4.0,spectrophotometric p-nitrophenol release,pH stability,4.0,0,1,0,Low,36545586,,test_external,PH8E4CFDA8,BM60B9ABF4DB,C_conditions_only_no_sequence,outcome,yes,no,pH stability,4.0,4.0,no,,74.0,,exact,stabilising,60.0,,,esterase,,single_enzyme,no,not_named_in_evidence,PMC9709933,10.1039/d2ra06138d,2022,The enzyme retained 74% activity at pH 4.0 and 55% activity at pH 11.0 after 1 h of incubation at room temperature.,PH-C3;PH-C7
PHB0065,pet_ph_benchmark_v1,,,,,,,,,,,,6.0,spectrophotometric p-nitrophenol release,pH stability,6.0,0,1,0,Low,36545586,,test_external,PH61E1621B,BM0E71BF8DE3,C_conditions_only_no_sequence,outcome,yes,no,pH stability,6.0,6.0,no,,97.0,,approx,stabilising,180.0,,,esterase,,single_enzyme,no,not_named_in_evidence,PMC9709933,10.1039/d2ra06138d,2022,About 97% residual activity of esterase enzyme was obtained at pH 6.0 after the incubation of 3 h and 82% activity was obtained after 3 h of incubation at pH 8.0 while 78% residual activity was observed after 1 h at pH 9.0 as shown in Fig.,PH-C3;PH-C7
PHB0066,pet_ph_benchmark_v1,,,,,,,,,,,,7.0,spectrophotometric p-nitrophenol release,pH stability,7.0,0,1,0,Low,36545586,,test_external,PH044B97A7,BM9F253201A6,C_conditions_only_no_sequence,outcome,yes,no,pH stability,7.0,7.0,no,,100.0,,approx,stabilising,60.0,,,esterase,,single_enzyme,no,not_named_in_evidence,PMC9709933,10.1039/d2ra06138d,2022,About 100% residual activity of esterase enzyme was attained after incubation of 1 h with pH 7.0 (Fig.,PH-C3;PH-C7
PHB0067,pet_ph_benchmark_v1,,,,,,,,,,,,8.0,spectrophotometric p-nitrophenol release,pH stability,8.0,0,1,0,Low,36545586,,test_external,PH5B1747D5,BM321B809084,C_conditions_only_no_sequence,outcome,yes,no,pH stability,8.0,8.0,no,,82.0,,exact,stabilising,180.0,,,esterase,,single_enzyme,no,not_named_in_evidence,PMC9709933,10.1039/d2ra06138d,2022,About 97% residual activity of esterase enzyme was obtained at pH 6.0 after the incubation of 3 h and 82% activity was obtained after 3 h of incubation at pH 8.0 while 78% residual activity was observed after 1 h at pH 9.0 as shown in Fig.,PH-C3;PH-C7
PHB0068,pet_ph_benchmark_v1,,,,,,,,,,,,7.5,not specified in sentence,pH optimum,7.5,0,1,0,Low,36587193,,test_external,PHB6258D2E,BM837DB27EC1,C_conditions_only_no_sequence,outcome,yes,no,pH optimum,7.5,7.5,no,,,,,optimum,,,,MHET hydrolase,MHET (PET monomer),multiple_enzymes_same_value,no,not_named_in_evidence,PMC9805092,10.1186/s12934-022-02007-9,2022,"5A, enzymatic activity was optimal for all the chimeras at pH 7.5.",PH-C7
